LEI_Code,1,2,3,4,5,6,7,8,9,10,11,12,13,14,15,16,17,18,19
0W2PZJM8XOY22M4GG883,0.002974136665343828,0.0043209329526271295,0.018703883270814882,0.15941769260861405,0.04227474744819777,0.013116877549620258,0.0016358866176946175,0.07449081559194282,9.391522836376319e-07,0.002342044139265686,0.0,0.5793171167846668,0.014941827179150212,0.08284010937383543,0.0,0.0,0.0036229906659428377,0.0,0.0
2138008AVF4W7FMW8W87,0.17004215272581033,0.01610853213511962,0.23460465776282488,0.035118883366037586,0.009970607454894864,0.16439515010336128,0.16252915403115872,0.024513987096559723,0.05797898446775909,0.0239794690164315,0.00872976890874423,0.056577217371522354,0.011650416026241468,0.008790466910292921,0.0003400094521083251,0.0006046684995816834,0.009085457450097924,0.0017142470313522373,0.003266170190101156
2138009Y59EAR7H1UO97,0.11615486904840211,0.0032915150993290086,0.08702672742721797,0.07973116782210787,0.007754633385808832,0.07944917709005624,0.12596496798908782,0.09072807681369428,0.016176812976065602,0.011373887108551585,0.00015702107297118508,0.23620210797467878,0.05052671421172397,0.06776356674615051,6.658363620295158e-05,0.00260250643515387,0.01122951930518557,0.010801784290329346,0.002998361567282451
213800DBQIB6VBNU5C64,0.007548458690034781,0.0011102877587885588,0.17138553043818905,0.13359375614873553,0.0017921628262663914,0.03801109811701244,0.14011246492741367,0.20588195966679,0.13226163674052926,0.015618123488724342,0.01196118359165711,0.0770071604493842,0.02114689890771523,0.019357691608969878,3.479733107561564e-05,0.0033188472749272023,0.006243104593657772,0.003256492950105659,0.010358344490023345
213800HDJ876ACJXXD05,0.02513360772028705,0.03591495369199446,0.2127159381767068,0.05684623670886918,0.005634616011580761,0.09986549948065998,0.19643590285486312,0.08316909099078353,0.04819534123537146,0.04601539396835983,0.009287364433346863,0.11222680708170157,0.030423860295101603,0.019046355833848762,3.586726741009137e-05,0.002324976614239271,0.004196426994414966,0.009646486352308043,0.0028852742881525493
213800TC9PZRBHMJW403,0.0,0.0,0.020597307062740867,0.0,0.0,0.24574796910900626,0.014713999137569864,0.0,0.1316369927982711,0.003243107755751378,0.016330166371065588,0.37917005770562945,0.06589434498663768,0.0,0.0,0.0,0.0,0.1226660550733278,0.0
213800X3Q9LSAKRUWY91,0.03362185221548056,0.0016855009878494953,0.17161243630269504,0.04570527925703776,0.016074177092648745,0.07940096805559746,0.1556862413359433,0.05839760838888511,0.015143333897283395,0.020468527690376173,0.05044488762613719,0.1458675056234056,0.08094795559514942,0.033171105232823635,0.0008697634479217077,0.0019766228096205606,0.05551152811754285,0.007156335562940797,0.026258370760661325
222100K6QL2V4MLHWQ08,0.02318909732164606,0.0052536121223559435,0.201969131365265,0.02718432872330863,0.015016102127039944,0.10535567462327011,0.12278929003676668,0.05794201343205464,0.07830475215821237,0.02015070870956442,0.045248783751297164,0.1517588875926309,0.06543419256426869,0.03093240063274715,3.465856147989763e-06,0.006252529275218953,0.018938422577475876,0.008906497494174197,0.015370109636555242
254900RNFMDM0P11YR84,0.0,0.0,0.0,0.0,4.4692855233628753e-05,0.0025003494431139325,0.0,0.0,0.04378091532455733,7.813592009731039e-07,0.0,0.9515312977132565,0.0015391480203036307,0.0,0.0,0.0,0.0,3.1254368038924153e-13,0.0006028152840215246
2W8N8UU78PMDQKZENC08,0.021924401547981007,0.012400071478258794,0.2620931310550183,0.061203012459049695,0.013590209941423822,0.06897428789951913,0.1688549759719617,0.06489353872341617,0.032807467890004376,0.05063265341585997,0.035461749240189334,0.06616295969135955,0.08768421656805288,0.02700554145229229,8.815960567364592e-06,0.0015823180215302224,0.012753501698857287,0.0038638464824567436,0.008103300502201502
391200EEGLNXBBCVKC73,0.00013717323489137697,6.168593444689985e-05,0.02187198661118589,0.05814319175074954,0.0321594689038818,0.016467475696628073,0.012253525373043445,0.028292145230307496,0.0028116679077701706,0.010635330198379962,4.0483377361883415e-07,0.6999076209297378,0.07262479444547147,0.026549914450119894,0.0,0.0006217894214059018,0.010368039708221855,0.005215989548422935,0.0018777958215617032
3H0Q3U74FVFED2SHZT16,0.06703975412762478,0.008328053832399734,0.18598844600919676,0.048792678539550514,0.0032721868772619166,0.07104941376103628,0.16728868475793224,0.06102408319565757,0.02551253273290857,0.021905246883544914,0.021086697880491383,0.1382870819632619,0.084516339572799,0.03174131014285463,5.921698861056569e-05,0.001062548772412331,0.004128240442866097,0.0033668399490270474,0.05555064357056383
3M5E1GQGKL17HI6CPN30,0.043255428223792636,0.0006047244084300177,0.0841199553063433,0.03343155701717708,0.004326302914061014,0.016197802163621593,0.06331441470023726,0.031597122099068814,0.005203798703374114,0.005211810228207479,0.008229008804883932,0.5752517507986311,0.06123804931015758,0.03300739368244986,0.0007384582260385604,0.017944313011207712,0.00928916291637789,0.0009703432086503078,0.006068604277289808
485100FX5Y9YLAQLNP12,0.0,0.002355076812164602,0.11411133427848792,0.0,0.0,0.057516527454386686,0.17177534139592118,0.02922597173146925,0.014893471933745612,0.03379362035036156,0.0,0.012958361873769085,0.032390214266946965,0.02006455144427567,0.0008448248752383387,0.006630391248027578,0.002959225534333399,0.0006666920079250037,0.49981439479294715
5299007QVIQ7IO64NX37,0.004297189751302216,5.224456847262884e-08,0.04518313203446774,0.002633981697539838,0.0,0.009565291521086886,0.013062762718764834,0.01649348308942467,0.013004601175138528,0.0026777949022633893,0.0,0.36565727743176324,0.1642041799940479,0.2390412858817086,0.0,0.0008068506021516523,1.0624288492253778e-05,2.2065975641258822e-05,0.1233394266916385
529900GGYMNGRQTDOO93,1.1305232627508775e-10,0.0,0.00013340184057948105,0.010355591713165038,0.026991062730243286,0.0037809071940256554,0.0009831231393760626,0.01015209393590743,0.0,0.0018198702512115966,0.0008134876761571687,0.8554906623065812,0.006929094201971966,0.0010159597068275811,2.083391250394685e-06,0.0020121312361139868,0.07716103516979861,0.0008864292023970734,0.00147306619134116
529900HEKOENJHPNN480,0.0,0.0,0.00023971030086161938,0.012471405651978754,0.04952769578149969,0.00687940504704185,0.0,0.004047461925350226,0.00021129160900118835,0.000668619927799429,0.00047521644225325424,0.9158479824488918,0.0006333836600310169,0.0010998018753372628,7.785621988746188e-05,0.0,0.005368743186525895,0.002451425923540687,0.0
529900HNOAA1KXQJUQ27,0.0071638108443498804,0.0034580855223133675,0.12260866704200292,0.11427326307171126,0.009064152567889278,0.027171228562341634,0.0791211294709111,0.03725989190471781,0.004864506674189676,0.016088910235383037,9.830161760201713e-05,0.44591332572811015,0.021436447413922016,0.027619894573327825,0.0,0.0007771411989174147,0.008005985984335237,0.00122507336364533,0.07385018422433011
529900JG015JC10LED24,0.018459160608379148,0.004093414428252524,0.09193620970834863,0.06928620399004937,0.01250362696824411,0.03751230742159127,0.05135019040645273,0.037473424943586554,0.026802405536881162,0.007680513846247819,0.0,0.5218374922341892,0.032350415238812755,0.03412287140207326,0.0,0.0019425047803045448,0.02541820982478732,0.022424221414511922,0.004806827247287876
529900JZTYE3W7WQH904,0.00041918096796790414,0.0013468207952272836,0.028961240834215977,0.011600582144270795,0.00981199701521907,0.051941850737036284,0.07303790022309427,0.019473419325507623,0.009377481541795834,0.008737374674203522,0.0,0.6546825763679938,0.05820160239684899,0.04214248245268939,0.0,0.0035891666334256136,0.011451391354734525,0.006115776883424912,0.009109155652344294
529900ODI3047E2LIV03,0.05138033540711223,0.00599285991889581,0.16488063840434322,0.041381166032162096,0.012525037468666898,0.04619996547134092,0.08590814759939021,0.06091851913474044,0.012448761416565644,0.034893953989826906,0.05964163566529027,0.350402093693114,0.022499865353958808,0.026774259058312183,0.001993596081758326,0.0028672521912321927,0.010375912312725331,0.006441577818093411,0.002474422982471186
529900OE1FOAM50XLP72,0.003470336461856798,0.000980596600089731,0.04829217601188025,0.020095933427661073,0.004256779584148204,0.0597846342981369,0.03808177684613801,0.01642249408694,0.009676669891059513,0.004636047868803509,0.0011949570892560116,0.7026654892340092,0.040135109745114146,0.009354154394272406,0.0,0.00038930005124220945,0.012464475544851111,0.006496452655208644,0.021602616209332366
529900RWC8ZYB066JF16,0.012717558241887724,0.0013862940073770995,0.035675244454939886,0.035495299005870215,0.004629997978372326,0.0895965572506266,0.1533643135736689,0.09688872320220161,0.20335664477686075,0.03585245926455197,0.07217470533173521,0.16163104847899185,0.007966603963643128,0.011280408957392555,0.0,0.008956688045599133,0.042263366505280106,0.020780302762672564,0.005983784198328452
529900S9YO2JHTIIDG38,0.003357974693291335,0.00015522368475123435,0.0864874960116647,0.05583065417658568,0.04441886358377193,0.04178618983142622,0.056043125407324555,0.027654549203586152,0.026385802458824735,0.030492976318470786,0.03259975087303576,0.3736377737527866,0.021540539639470925,0.024873643992984206,0.08395280877781079,0.002723445820002794,0.03912969424009491,0.01611852616865571,0.03281096136546084
529900SSGT49ZZSWYE62,0.006810159357609866,0.001154619638550298,0.09002988548064846,0.003386139515200588,0.0049263423998427295,0.0748525304935901,0.5213026416254299,0.03926971503576188,0.008902766268350914,0.018502963126055334,0.0,0.018940024046490964,0.06282024998580346,0.10258741583195301,0.0,0.006178386346000271,0.01778605854247158,0.004841448073706654,0.017708654232533906
529900SXEWPJ1MRRX537,0.002052607571878708,0.0002336981147964008,0.0687071405321321,0.016111348346381206,0.003500311535360339,0.039327550003417,0.06192555302522016,0.006861857096207252,0.01186769271225228,0.006792937174104954,0.002916453088923106,0.6470026933784949,0.09441337075506236,0.025350952493957756,0.0013288140430199895,0.00020944100693570764,0.005508244968129084,0.0031228134150767376,0.002766520738650174
529900V3O1M5IHMOSF46,0.0,0.0,0.27678086335930785,0.0,0.0,0.0309288982345691,0.10034048665697218,0.0011525404268331362,0.0650131181850815,0.29090135677553736,0.0,0.026805559010597536,0.04682650256800608,0.07334279438995349,0.0,0.0,0.035208562198298536,0.05207909832548385,0.0006202198693594379
529900W3MOO00A18X956,0.05636991621843718,0.009786658307105789,0.2047530293513863,0.0825026941922848,0.006808246824603935,0.08026909549183471,0.20665589662854264,0.060276383464299754,0.04544782554866127,0.024347913110735437,0.018214059595752105,0.09268672622193891,0.04564624536082441,0.029808551134168183,0.008307769198108876,0.00174569276771442,0.006330328593849974,0.004309171859745251,0.015733796130005934
529900XSTAE561178282,0.012096395644641105,0.0037735533742663686,0.17916632034762603,0.012935757160734807,0.005222104802003002,0.08234292118353072,0.10105033008353577,0.05708733634249427,0.018738051132583488,0.010179164663414644,0.0008138316800483539,0.3336536178597347,0.13642936726383614,0.01911366603074166,7.387562888172587e-07,0.0006769271029339762,0.0035030999252550423,0.002866449878062835,0.020350366768268263
5493000LKS7B3UTF7H35,0.019976579878034532,0.019871267733050438,0.2632516140627949,0.03325547817395616,0.014015430552323677,0.07004281747717,0.193617227399256,0.07427050055825098,0.01872486905341242,0.04274731001324555,0.004736540621953957,0.10927611049502085,0.07232161769672645,0.03314091472331444,0.00027915970544681654,0.0018167804728616954,0.017324828204415724,0.009055541529065394,0.0022754116497001563
5493001BABFV7P27OW30,0.017885641673116185,0.006060014599304999,0.2505052613690934,0.08568581307514625,0.009809332208026794,0.11120894352664155,0.21677877655218059,0.08399948204771406,0.036929617939608604,0.03020343200396771,0.010798816527890021,0.0596507025338671,0.04023807888565334,0.023537239493481757,0.0005715663197454107,0.0023058106482628914,0.007571930352248274,0.002360103340710805,0.0038994369033402763
54930056IRBXK0Q1FP96,0.029432472399184763,0.004609362202246937,0.1757571326923839,0.06499852049888137,0.005257603006750408,0.08808717763872573,0.14281487737932264,0.07905379814955038,0.061527541589953993,0.019040253066494157,0.09025004265733691,0.12755151376383023,0.04986792510010439,0.02379855813214672,0.0005962860350522915,0.0036383619430370947,0.015725868268072443,0.006906450648643623,0.011086254828282016
5493006QMFDDMYWIAM13,0.026640247750731372,0.03242091341996859,0.1517297586129837,0.040568210335878846,0.0053205005879961515,0.06046205461207991,0.23142713781054916,0.047435467526738676,0.03585224123031451,0.04032612226159357,0.0,0.1329097430737087,0.05447779567234277,0.04351410878348649,0.002268056355695974,0.005721379123062918,0.013007087266437935,0.004422770215627578,0.07149640536080312
5493007SJLLCTM6J6M37,0.05282010531790125,0.000701523519930746,0.13318323905208684,0.11327019810205138,0.024016404857696846,0.1270115064111738,0.09592878783953497,0.04738355258253084,0.03587810301976405,0.022963214532137215,0.10845580769499237,0.07880351379453632,0.043219041527228365,0.05764331992017951,0.014734539359474295,0.003725790169914405,0.01826710228022861,0.005268836460850609,0.016725413557787675
5493008QOCP58OLEN998,0.0002684369440547433,0.0,0.24082893757467627,0.061856804034461935,0.12384783928906587,0.06566041410035768,0.25304814237404377,0.0029745089297423455,0.002665732119170081,0.013885727286421515,0.0,0.062048981076632995,0.0635913213527508,0.015108299343958489,0.000720724710901623,0.0009104122468322413,0.01485255098423197,0.07773116763269759,0.0
5493009EIBTCB1X12G89,5.098017509720229e-06,0.0006875383984243981,0.026437307265898474,0.056158330415654434,0.024367568811129534,0.05462612347841496,0.0017692097434666818,2.3219313723035698e-05,0.029865876663724308,0.0016072150147709106,0.0,0.07965025087255459,0.08316032173217396,0.0,0.0,0.0015861592452718182,0.008448626294887221,3.091736890996645e-07,0.6316068455587069
549300C6TUMDXNOVXS82,0.06801042636316418,0.0024900091503996377,0.06962551644074132,0.0027814500030663757,0.0038729325306722717,0.12411449729948908,0.06166950603856881,0.04421360401753774,0.01792135669452686,0.007470288780043808,0.003999618235786485,0.511223987956032,0.02805637380377866,0.028818867385149084,6.7836019787334805e-06,0.005372514889581011,0.003884891456998105,0.01156745633428174,0.004899919018204174
549300C9KPZR0VZ16R05,2.754135931350529e-07,0.0033975935149432317,0.5543500296606818,0.331190198777564,0.01886203927235217,0.0002193233616216293,0.005078093677000186,0.013953591203047918,0.012650229618440674,0.031020201518870673,0.0,0.014276504212416021,0.0003794100050970749,0.003988728340847832,0.0,0.0009965030545600632,0.00565980679707675,0.00040860654721452965,0.0035688650246722456
549300DYPOFMXOR7XM56,0.13771948068148956,0.00033720471980419625,0.04303648069742654,0.002253960371432021,0.0030973566833410178,0.14233317763883324,0.12124844781844601,0.025392616635189283,0.054320784658198264,0.02504904589397142,0.039799039865207116,0.11925886265593999,0.11812294380556926,0.07203533815637747,8.911058253962524e-06,0.001811917137987853,0.05741386804401324,0.00893012059338126,0.027830442885138293
549300GKFG0RYRRQ1414,0.0668333661940205,0.02922497213644356,0.08258584379788318,0.08124142656896947,0.005132031531050033,0.10076192037576999,0.061459992379354275,0.08920802222501091,0.011054785308551038,0.03374740179292475,0.0,0.2620304393017393,0.11581054913387774,0.03665178759679542,4.824014940644833e-05,0.002297684065953808,0.014839371877827938,0.0032648205769457875,0.0038073449874759073
549300HFEHJOXGE4ZE63,0.0,0.015400545775844918,0.0,0.06533876929224298,0.0,0.004086703556969222,0.0,0.783661491267064,0.0,0.011415214356805441,0.0022956460516560437,0.10756779330406402,0.0,0.009258672033039577,0.0,0.0,0.0009751643623137397,0.0,0.0
549300L7YCATGO57ZE10,0.002834110862673538,0.0,0.049903021785763946,0.0029374705374960062,0.0012640145868482524,0.03136823368880115,0.1164146870100587,0.008691920499849671,0.013180928255537093,0.030400307452204005,0.0,0.1260514063054541,0.524345629042127,0.07656439293465242,0.0,0.006485105785200892,0.0019652614414448883,0.004667745756899758,0.0029257640549884886
549300NYKK9MWM7GGW15,0.01355752626804125,0.02660157449861351,0.20912659296634847,0.08254596828894471,0.011248515003110667,0.03834536316076449,0.1598051456107701,0.09535267510042589,0.010061948529912792,0.06900634240709892,0.0,0.15065689640316512,0.03592688780820868,0.05706593901321052,0.005248192225398221,0.0010923661044391663,0.02546808879168931,0.0033156412197304953,0.0055743366001276195
549300OLBL49CW8CT155,0.03869242839967361,0.002751359523839395,0.24224255330330027,0.016858261310270167,0.01781814798919719,0.13139221206417773,0.21012984627373413,0.06333458951055722,0.01661408791709798,0.013906284286950961,0.0663561020978554,0.04469237111420473,0.054159031563109764,0.04494056869320719,0.01544719238472542,0.003608037672060575,0.008552578473399066,0.003972048952090174,0.004532298470548996
549300Q3OIWRHQUQM052,0.04789857293136766,0.02776792451091108,0.041190367069787945,0.039728793612080315,0.009410165488979803,0.11389769853091447,0.024218638573565206,0.09564843108749696,0.0056120994254172055,0.020670569674352123,0.05807070242021567,0.4209699882686217,0.03415252502385533,0.04564160379514929,0.0,0.002431639461987276,0.006475684175706541,0.005994000109262393,0.0002205958403288566
549300RG3H390KEL8896,0.10120364992210353,0.004626175535766052,0.15421661952725055,0.03959973201713872,0.008648510830022148,0.08921647350686959,0.22403587004312428,0.08703601494708671,0.03770047997357449,0.0017234211029227538,0.01743872469350386,0.00647531342952149,0.10617910810760127,0.027589643578666778,0.02319166953342236,0.00010357656063981746,0.0025774804830917004,0.04196995485131912,0.02646758135637481
549300TK038P6EV4YU51,0.024319916771176037,0.002618837995273535,0.1397834675388154,0.06373452476510925,0.01365373241713864,0.09005045847103905,0.11135492479560256,0.058752952794647914,0.03593577867829398,0.0038111666335325857,0.005082718110689752,0.2788260271440366,0.05092683247658067,0.0785920457280205,0.0,0.0011699070800803386,0.03133487494002232,0.007289497692323405,0.002762335967617291
549300TRUWO2CD2G5692,0.015957798365254003,0.0053285506249661,0.24096298101086988,0.04846566071927348,0.010315084036574308,0.06418939055865146,0.17575529854193284,0.047957198688346976,0.020546212794924357,0.03475380313681223,0.01792927728238316,0.18225245231348616,0.08386964959615338,0.023975066158912667,0.00435651051911218,0.0014220494569121612,0.008622775439817444,0.0051779136339399874,0.008162327121677188
549300U4LIZV0REEQQ46,0.007161712243042514,0.000936129549117067,0.1827574923213142,0.034263577601372906,0.027449288359533704,0.12235066237151457,0.0626887552231464,0.10699037075226836,0.01846865440575094,0.01754731916849349,0.2194046087590697,0.07661000802104763,0.06117336023302599,0.02230515039634643,0.02001524398107535,0.00431580249554735,0.004599035702859751,0.0029197839757941703,0.008043044439679552
5UMCZOEYKCVFAW8ZLO05,0.010895608332263093,0.0169026999563793,0.17332051301398954,0.1707630399884527,0.003024930121149349,0.02443732729193237,0.14082972967174012,0.2280892704049478,0.08489790403999185,0.025410677802522534,0.021215657420699176,0.049736966838511115,0.014922777800192123,0.011337769730515616,0.00012360397573625212,0.0007513561275901015,0.005446664627817035,0.0005849630014494724,0.01730853985412062
635400AKJBGNS5WNQL34,0.026095452337726796,0.003137559679214611,0.10396391281022377,0.16968045469911686,0.008900057796496866,0.04920069492474673,0.06967093159625802,0.058750396773249364,0.08140522352149265,0.05816195889996453,0.0,0.22710083790876037,0.022352956088171783,0.02261483629762885,0.0,0.0055358029903531105,0.04865446960238256,0.015350418662159316,0.02942403541205384
635400C8EK6DRI12LJ39,0.06522786480748911,0.004737790234213386,0.15815244973078196,0.020421899097313963,0.003519077699838857,0.014120398633515895,0.08629322189002413,0.0333084771850947,0.05646092967255105,0.013983499581639004,0.0018204510010788768,0.29926315469384474,0.027834214567788156,0.11468564098865358,0.0,0.015718651193370903,0.04095065965895257,0.010522706091548466,0.03297891327230069
635400L14KNHZXPUZM19,0.008476751898811306,0.002235794805359538,0.08747585273917872,0.021435961364482954,0.0035929188412951248,0.07956345218688557,0.17303514765093916,0.09557387181453232,0.2189455628057111,0.009986481552715847,0.0,0.17388465395404012,0.07855142198115773,0.011614625043159422,0.0,0.013632947357592145,0.01267209212054481,0.004192087677609031,0.005130376205985201
724500A1FNICHSDF2I11,0.0008825139309103384,0.0,0.034651472267346016,0.38120273924311077,0.0004573512609588152,0.026382329689519084,0.044612853301641844,0.004789598512710096,0.003853952042760911,0.002156725357265842,0.1548819901148964,0.1499892402960315,0.11964947498894749,0.013150732789294564,0.0,0.0010819732787967064,0.04282808196319683,0.01761408443152457,0.0018148865310882746
724500JIWG886A9RRT57,0.0,0.0,0.20166716707754864,0.04312107066275925,0.010226097884477578,0.005221837239826156,0.040139630393617176,0.11183434757034964,0.003420303392086132,0.11624728906306024,0.0,0.05517794296031358,0.09590869827963544,0.1813134659942489,0.0,0.005221837239826156,0.05973757578258167,0.005392575103763841,0.06537016135590568
7437003B5WFBOIEFY714,0.03189589464345429,0.003196895155547775,0.09333752067381688,0.10659188720406637,0.010704837094053218,0.048101546530258305,0.09078676928639387,0.047991979845784204,0.0071272378394232234,0.02981545065901644,0.04903907129936631,0.39568793243496647,0.04488545068161808,0.02303064539531914,0.002555229660876659,0.000732217379590035,0.008392174217208826,0.004126911282565954,0.0020003487166739076
7CUNS533WID6K7DGFI87,0.02169033068452768,0.0038142578306237934,0.16728937295669394,0.060222283022752794,0.009650818835791969,0.07370506140521707,0.1283712708731341,0.08670708335473962,0.05994320380829034,0.032656384473880924,0.11302075754009547,0.0996015345629112,0.05449740276860128,0.04540897025539807,0.005480949587465743,0.004346889594865355,0.010526238150368206,0.006871531532177353,0.016195658762464937
7LTWFZYICNSX8D621K86,0.002011956052162463,0.010091079181406538,0.12147598103223528,0.019525940888519517,0.0028779455186810944,0.02051669771913283,0.09942784193977378,0.02079180768162626,0.015487900124964312,0.040524801594942254,0.23421653423136246,0.2257370439597917,0.042452688230200146,0.036213247632520665,0.0021194808918262166,0.0012180607696822847,0.017509750297604605,0.0033145815593484274,0.08448666069421921
7LVZJ6XRIE7VNZ4UBX81,0.011394986855945578,2.259867004999301e-06,0.10295767532793687,0.009444444938486493,0.0010488588432849889,0.0935482486759763,0.08926695251298865,0.032916352823239306,0.02113478714601598,0.04319343906762871,0.00862946431305602,0.3539881550563784,0.13004269422852632,0.023970323097033657,8.468066567708087e-07,0.0036763132929146687,0.012987172550885254,0.035875132603262534,0.025921891992778615
7V6Z97IO7R1SEAO84Q32,0.14556394571438394,0.0006830715997741758,0.04547242682968156,0.0012411844293675786,0.001572278103900655,0.0961282523715513,0.052162012097617526,0.12369893473221512,0.009747291241428183,0.004309732724534452,0.030538763456728568,0.42949262936252475,0.024297545168874973,0.025989173156404873,0.0,0.0013016535925470742,0.003455482987716239,0.003339367032335878,0.001006255398413182
815600AD83B2B6317788,0.024305984825673595,0.0020058278552487455,0.4244519954056176,0.013603842553967158,0.019022101337649037,0.04011749424347971,0.2532899268807565,0.03596356256434709,0.013095856412875702,0.013875664073486973,0.007223445206565009,0.0726390350415374,0.0321347669296283,0.024358118761239823,1.1548847331263623e-08,0.001102602933070635,0.009203356943841107,0.0018641541646081707,0.011742252317560074
815600E4E6DCD2D25E30,0.028750392859873165,0.003407258865287398,0.3509983013815138,0.027808049564084607,0.01557319871251078,0.08790480766477043,0.1560350696410749,0.039353253185274786,0.037770381684371634,0.03185955497491623,0.004077575761563964,0.08683296036336395,0.06994167292013749,0.030008064853766152,0.00012163925396426294,0.0020614882232016856,0.015028508004067716,0.007976620821235857,0.004491201265021383
851WYGNLUQLFZBSYGB56,0.005165724170154935,0.0078481876249491,0.3198371384694246,0.11970878234430905,0.024612775325067615,0.03230816335660209,0.1359613366369063,0.04866768331628637,0.006813975894831195,0.038789822898424066,0.0,0.1299295895029032,0.05016598755072355,0.025830315759554006,0.000189763290240642,0.0016157107586453686,0.012349922082710463,0.005785915661484758,0.0344192053567828
95980020140005881190,0.09511395699084979,0.0013211689479585835,0.21446299475990704,0.018722404624729797,0.015371174949296986,0.056248811423621314,0.17589142700605273,0.08059089584981083,0.045665094709831336,0.013648944610650048,0.127318771350547,0.04536061704056164,0.04342960384466398,0.031295735692712844,0.0002680570117660713,0.009661780798159172,0.011767773456636738,0.0035709850932355413,0.010289801839008527
96950001WI712W7PQG45,0.004060576292614201,0.00039220082990372896,0.04329417430633729,0.0031617995955610994,0.0026410352338953956,0.07045350224846612,0.6691707930033229,0.023494443784050086,0.008704967331881457,0.00869937882634808,0.001085846985451624,0.007591310815506133,0.02999133236683967,0.06632984178120434,0.00884346386272911,0.0076333712957683715,0.02087481738261031,0.005349850484400724,0.01822729357310917
9695000CG7B84NLR5984,0.04585500454161829,0.0019093559358476036,0.06154055159949133,0.014675423042309524,0.004708774757198071,0.051456356241087846,0.08133405145656014,0.03337388582563595,0.025039900054340473,0.013633335555573643,0.057627550951229164,0.33122418247432145,0.09194881918845292,0.037176272296990616,0.0005747864064230336,0.0073417007028952,0.037923005419782545,0.00650726087488926,0.0961497826753527
96950066U5XAAIRCPA78,0.0015785460120207426,0.0004295148615776875,0.04576725794763503,0.03865259417950531,0.00628323821442792,0.048329280345870786,0.05065053607950412,0.054575149400555065,0.015670443825365102,0.026707763882050085,0.019451378982782163,0.5236354222416867,0.11340265932681522,0.035852353883429,0.006162292298608899,0.0010384231944595358,0.00528765874049226,0.0053157867662325985,0.0012096998169818145
969500STN7T9MRUMJ267,0.004760658403332648,0.0024029954661095197,0.11152310099899267,0.10721637446277017,0.008847496824072886,0.03348843350333614,0.08845665186199694,0.02958653040055968,0.05075956907927322,0.05718317640954597,0.09465648698733174,0.22931292299080425,0.12011807677765944,0.04183364159658175,0.0,0.003590386918263543,0.0047811391278562215,0.006135866184225469,0.005346492007287731
9CZ7TVMR36CYD5TZBS50,0.0026449514105709284,0.0049823746651040165,0.07114594111104161,0.011012455206309236,0.0028705978971994505,0.19470093596699112,0.04220099121515583,0.021778969575174275,0.02506564112553636,0.03096072300965524,0.03749821996490118,0.41623411773041646,0.07109650502529231,0.011063430982418066,0.0004502023365912048,0.0002594104143159614,0.006888074723462578,0.0009290862369331073,0.048217371402930996
9ZHRYM6F437SQJ6OUG95,0.028340153369075024,0.0071540879320326845,0.20107017666655438,0.046439715482485926,0.008442756792455666,0.04536892395243955,0.19977081006203637,0.058813443331161584,0.01654253822157168,0.0384969307113033,0.011219366088972766,0.18564118270216837,0.10365959304444324,0.029423534172168732,0.00020193324438434323,0.0008994256882788363,0.011919058453437594,0.00414121109714847,0.002455158987881546
A5GWLFH3KM7YV2SFQL84,0.0031422403952142052,0.0010787658663233273,0.08878051967049026,0.041879560097689054,0.02342022498398045,0.1293935147075735,0.13123180724849093,0.035588721371618386,0.019445642854353722,0.0216036145872059,0.08284952527364599,0.13550135094100374,0.11014781082661608,0.04032420889205442,0.008151384579351056,0.002464072437651587,0.10145980541926242,0.015310171804741448,0.00822705804273359
AT0000000000043000VB,0.013432150195686355,0.004494229076617643,0.04560880187659056,0.026100532202643457,0.0058695011326113,0.10025386389215378,0.08084316197973519,0.024815077901572235,0.11350848921808875,0.0055472276007666665,0.0011026194450335974,0.4888692426583994,0.05644149070827841,0.011961805673350945,0.00022669613620301122,0.0026141857616619247,0.009402109036658321,0.004439633662728428,0.004469181841220004
B81CK4ESI35472RHJ606,0.0011475248890191895,0.005865231769774228,0.1504313152417235,0.04755916337683914,0.024633918964730977,0.024997120807721988,0.05960496501868631,0.03502067744336058,0.0011913175070264038,0.04305007244242517,0.0,0.4507763357358275,0.07719289286515257,0.03802428888952303,0.0,0.0025606509546370936,0.011644921619522521,0.002649024406093606,0.023650578067936318
BFXS5XCH7N0Y05NIXW11,0.06549211116251971,0.01583522368754581,0.06491086206869638,0.03045784381178131,0.00706165466889234,0.03789709969383625,0.08252899052161301,0.10203266431271617,0.010678823024665034,0.06685392228321124,0.22837306453785464,0.14096190847355977,0.06424660471609435,0.0494302259375041,1.0320624485408373e-05,0.0007791225474356788,0.02708337716346614,0.0028437135397564846,0.0025224672243661993
DG3RU1DBUFHT4ZF9WN62,0.3148540867649474,0.0032658821519005767,0.1759926973759975,0.04416139529639656,0.0060418954170545795,0.03131544134474626,0.15837398746070763,0.038079459188094626,0.024767627168275918,0.015107902508739484,0.005843979888831916,0.08628984570228049,0.022644816361506802,0.029856612992917368,0.0,0.003297030072771597,0.026923325744565834,0.006273474310383018,0.006910540249882462
DIZES5CFO5K3I5R58746,7.22622208181259e-05,0.0022075523123733557,0.09554115549736145,0.0968747111793034,0.050022053147094486,0.006448953092005251,0.03125353079900683,0.04531816401017396,0.0017099141659469353,0.04183780281914272,0.0,0.504399506060573,0.028703594749774686,0.03907536464603021,0.019642798398734986,0.005331809032873339,0.02207835393713831,0.0019209540210312836,0.007561519910617611
DSNHHQ2B9X5N6OUJ1236,0.02240849616844573,0.0002605235023568425,0.058888142928870096,0.24785054703733342,0.012702822742305268,0.02201290288595313,0.03990737968364742,0.041428673972545155,0.002354035928098227,0.04610583269992095,0.0,0.35636241690496867,0.0586588234884686,0.06401038558691444,3.64336637530786e-05,0.002186720461883738,0.01025480698788439,0.005290612546013169,0.009280442810637531
DZZ47B9A52ZJ6LT6VV95,0.0,0.0,0.0006682048479822105,0.0005683654703669325,0.00171994483651605,0.005486951791143604,0.0,0.0008279707377146525,0.0018600053633969621,0.0,0.0,0.9692402166211687,0.0027153267805941615,0.0015732365612898327,0.0,0.002160690256512381,0.013137946571581152,0.0,4.114016173336801e-05
EV2XZWMLLXF2QRX0CD47,0.0006459619266542546,0.0,1.3824930197932939e-05,0.07446138073994363,0.09012822353294309,0.018104886035492197,0.0,0.008328810828124361,0.0001469090298532409,0.004847267952520952,0.025885650017761715,0.7093234858556747,0.03639955788082278,0.027660943707020085,0.001837228394150593,0.0010807285619380408,0.0,0.0011350171656964187,1.234412058831937e-07
F0HUI1NY1AZMJMD8LP67,0.003776469591028179,0.015608313438224327,0.22752644642047862,0.028831279777025567,0.0035600293989080257,0.013706692808211492,0.11460406308426728,0.07034581708023299,0.0097502820207382,0.039192116538308994,0.0010683703663276793,0.12577284184336684,0.1610204556784833,0.14035944165030093,7.408837015169521e-05,0.0004634396848644575,0.002596679727683059,0.004247771480935845,0.0374954010404624
F3JS33DEI6XQ4ZBPTN86,0.017593558718595956,0.0022861252571975046,0.12007924581180546,0.08180624514109573,0.00489417443066292,0.017783277644414588,0.0857408219359343,0.066015756399206,0.004297348252064947,0.044579747541962984,0.11084404942132449,0.33391221057975157,0.06394321384168343,0.022459795886400718,0.0062175330155077235,0.003235059926903581,0.008378380272298326,0.0014848853037129457,0.0044485706194769626
FR9695005MSX1OYEMGDF,0.017317925292152033,0.007379906821075955,0.06601200265430793,0.03928699346781909,0.0064614464209653555,0.05235436093305246,0.10547989089111216,0.02972814680779623,0.034449307029523486,0.02770586247102983,0.09134258301595298,0.36797645442529336,0.06552438654891639,0.04109553244379075,0.0011030654841612836,0.00529020072810216,0.026376929794380406,0.005816348506980266,0.009298656263587782
FR969500TJ5KRTCJQWXH,0.08527748625085257,0.013418873394533763,0.14093436354414876,0.0647644458184919,0.006933373632876267,0.03458113696717136,0.12978504863196594,0.06156482862867382,0.02720404130683853,0.04155779179407858,0.06642101330967973,0.20826470160979613,0.0554657522823131,0.026531244608514543,0.005323238360652395,0.001234756408601532,0.012714781534817747,0.0037814223635430385,0.014241699552450294
H0YX5LBGKDVOWCXBZ594,1.982750652743938e-05,0.0,0.0,0.00024485691678120537,0.0,0.007901970706293017,0.0,0.010759720507895906,0.0,0.0,0.003129184332516722,0.9753783290756095,0.0017217593125518876,0.0,0.0,0.0,0.0008443177760915852,0.0,3.3865732648203505e-08
J48C8PCSJVUBR8KCW529,0.020288307606042232,0.004837244961032237,0.2641206154976475,0.035229327509048634,0.015459356236144604,0.07859138993724574,0.1880302136106658,0.031521034438107706,0.048559231425084545,0.014978356949967327,0.017758896118568866,0.13030313011326913,0.06122753566051377,0.032106052413278005,1.722657282561447e-05,0.0021727121218921854,0.016525870337616457,0.019597747948447725,0.01867575054260189
J4CP7MHCXR8DAQMKIL78,0.035337529735050166,0.001897068676922361,0.3025880381722881,0.02390363827979508,0.02538793004161764,0.07620660686716423,0.20521493601243204,0.031753867007854646,0.04662933154688806,0.0271708180941421,0.009954569133123118,0.09712361083675979,0.04236953834337892,0.02549916291019442,1.0732241388855243e-05,0.0011337392775571573,0.014446683720024908,0.005334575414819208,0.02803762368859929
JEUVK5RWVJEN8W0C9M24,0.013040267474352893,0.0008541855512148896,0.16580600157624828,0.11530095473856736,0.0029168135225846534,0.039669801213228544,0.16974619955585366,0.18181694352452205,0.10714533456756646,0.02218767080612962,0.0025840865073264545,0.10154796185806629,0.015954468435391347,0.01651065903493509,2.4853634202221383e-05,0.0013884540313624405,0.02270480987534768,0.01742078070042919,0.0033797533926707445
JU1U6S0DG9YLT7N8ZV32,0.023202623311739893,0.005190991347401346,0.21253551628717918,0.01426537437167161,0.010895220120830653,0.09362335769074284,0.2150039757439017,0.07803866142488738,0.06797142923719741,0.02465216126089535,0.01086984424047127,0.10773013226736215,0.04208412139183513,0.030929928614867874,8.819551579061679e-05,0.007559533987480969,0.01616412238976513,0.00863526531494783,0.03055954548103158
K8MS7FD7N5Z2WQ51AZ71,0.02457087219265149,0.02303872444772367,0.24990519502080033,0.08738926709752044,0.005940038894753299,0.05403135591822284,0.18337165702775277,0.06106054178860586,0.045553047295053994,0.048694338621355915,0.05414383268530995,0.0621409390182999,0.02624388819643562,0.026751701184595116,0.0013768644543482283,0.0033303880112547516,0.0111430460371244,0.0036352097853881308,0.02767909232280327
LIU16F6VZJSD6UKHD557,0.027252524054542055,0.000253240425016315,0.08524628796057307,0.043659105467479926,0.004073697798224279,0.0194834797962456,0.0645240003389908,0.03217983187203346,0.006730519022753794,0.02772689624237605,0.0011206561256609515,0.633352247010428,0.01081473364152687,0.02166602021947562,2.13224087286301e-05,0.00035083900104134104,0.010011053025570631,0.004773014344815415,0.006760531244517383
LOO0AWXR8GF142JCO404,0.05448629208011032,0.003811146556347749,0.2623065640268256,0.015086930929318799,0.013488556236356678,0.11606040876784586,0.17896999996523189,0.03300875114368655,0.11583954657833762,0.012642682187471199,0.00037982349157456957,0.11621726517737933,0.029823453560656216,0.01802273466067921,0.0,0.0013656801504871889,0.013986707346947987,0.007074046445847605,0.007429410694895562
M312WZV08Y7LYUC71685,0.025439853186654433,0.0025828785407007383,0.0669580264515197,0.040320540195301936,0.005355176487126806,0.03085532807248082,0.06863952282186365,0.025162600080875955,0.007301750979434781,0.0203259281810393,0.018384422687389587,0.6320515684190179,0.024615212370521344,0.015863647985034063,1.4127487001225757e-06,0.0018325439255780108,0.006729673021448917,0.0054644517386031434,0.0021154621067087324
M6AD1Y1KW32H8THQ6F76,0.020381963239017253,0.0093203339474737,0.17499028195738267,0.13483066861955606,0.0019191311315218125,0.07839208787309263,0.1368817484705717,0.15902361681976301,0.11484032140548334,0.01498626705461514,0.037276230887980676,0.05422404811236088,0.01184667277199314,0.017784859330757533,0.0005536850144508748,0.0015421368497311962,0.019631427783976578,0.0008127841525891428,0.010761734577682572
MAES062Z21O4RZ2U7M96,0.03409053905213457,0.004413489200914462,0.1534752933996658,0.03861743393917925,0.010124157432108276,0.024505469386230057,0.08671003573354992,0.050904465126190256,0.00821379806998234,0.02989095056892569,0.03747773543078675,0.4125608301423009,0.06464436772372331,0.02631356788607255,0.0020609956626299426,0.00147621460301871,0.00774912503934997,0.0022386700879120335,0.004532861515325068
N1FBEDJ5J41VKZLO2475,0.0027100156791922507,0.022840501214238404,0.36365321875333,0.056578020754906394,0.0006752183949167973,0.005314504048716678,0.1327490920306714,0.024589437271362695,0.0051619493888353275,0.12143512422278809,0.07020576841255069,0.0819333607093237,0.06695440901370024,0.03882148905328006,3.2499187178447544e-09,1.0285572448110313e-05,0.0033011331832324205,0.00014904323972309434,0.002917425806864869
N747OI7JINV7RUUH6190,0.025974961414493278,0.003098735799655032,0.3211046151650068,0.032244118971373234,0.019765511006074276,0.07245438932622791,0.17094838237791013,0.040569014874724196,0.03991312450918452,0.026792797697974727,0.00018060342034613522,0.08854946534587711,0.08591620279792374,0.029373524984118844,0.0,0.0011507726228126294,0.011756504476358487,0.0056005876075291075,0.02460668760240989
NHBDILHZTYCNBV5UYZ31,0.006423196511036627,0.0014274324804798354,0.03542966531477482,0.006937272569697758,0.001468195338549855,0.03482858775770416,0.02562035938401097,0.004592919864361314,0.0231662254787193,0.0010191450577905744,0.028095798049252933,0.7691485803288951,0.02489786150469722,0.008730952201087556,2.6048430236755117e-06,0.001253016733941922,0.0019030605810468957,0.004251575991244221,0.020803550009685097
NNVPP80YIZGEY2314M97,0.060625731693510404,0.0022149810164729575,0.268339521392407,0.01720807287851077,0.013586214704424737,0.12109132528851668,0.18278331304700754,0.031049490316899436,0.06650878656727939,0.013902626925039529,4.877573698860485e-05,0.12943249351538796,0.032084239680127066,0.022421797286990168,2.0980180860886333e-06,0.0024601561607686786,0.019327062154112392,0.008967190159762696,0.007946123457707814
O2RNE8IBXP4R0TD8PU41,0.01038520807291872,0.02570814217544133,0.1450292539400746,0.08240790566547226,0.007806581507065413,0.03129234085435754,0.13787598610712032,0.08131027394810739,0.022235305219403728,0.06095972841674801,0.06465308902080193,0.12744929749619355,0.026247689732762678,0.03544241519635362,0.0008450536743317472,0.004026047422050167,0.014648518240526856,0.0064635474644617365,0.1152136158458084
P4GTT6GF1W40CVIMFR43,0.021852697246493722,0.006604771728395586,0.28568131690156684,0.0467862204202123,0.014454303403412175,0.04887825575253092,0.1896048840043686,0.08570573726467437,0.018884260865570598,0.055126713276342935,0.010938797807250336,0.08297325050799899,0.031311066788087524,0.069841624292213,0.00020378861033973507,0.00339475399955649,0.014655355940724108,0.005579944929967478,0.007522256260294327
PSNL19R2RXX5U3QWHI44,0.0013393650511705868,0.0008539471924081886,0.2199731287393126,0.07188459702502328,0.0033498715015206374,0.031711565089416895,0.07909744671218569,0.036347686734108105,0.006716713573422443,0.070694453901485,0.07228215496590001,0.1056010712538575,0.22716829330576202,0.058715315317514755,0.0,0.00019566769920182047,0.0015680211573589587,0.0015237190367849616,0.010976981743566521
R0MUWSFPU8MPRO8K5P83,0.02534909508492504,0.009232941635104517,0.209943611888055,0.04268245721371011,0.00746362465850914,0.06339978061321691,0.17660765971249526,0.05824420485775534,0.01803296323622464,0.043641603903935025,0.05321994659711513,0.14391560152656552,0.05549612685369398,0.05531344867723071,0.0009685480972934265,0.0020191657811952945,0.011510163973519326,0.005486122292215065,0.017472933397240587
SI5RG2M0WQQLZCXKRM20,0.019231019696032258,0.0055758852365359645,0.1618037746327389,0.08009809920359011,0.0076400815522911295,0.06490512493555467,0.14567244791087702,0.06306226665121999,0.0711777394128446,0.04477111347152915,0.09536747664778356,0.1107617316889768,0.04031854865939696,0.03823187746942783,0.009682454203516181,0.0048281174368100315,0.021324308804413536,0.007157697978977258,0.008390234407484171
TO822O0VT80V06K0FH57,0.028657546044063138,0.01043042699880407,0.165125362111436,0.05975692168078959,0.014112310668009229,0.09082610658553666,0.15376559217678915,0.07280168241671983,0.06031947562392835,0.012947026125981722,0.027331702791571048,0.16476224361209607,0.05188800832966814,0.03367720242369229,0.0010350917960963838,0.005894114437620016,0.01744130332480989,0.010390977049251252,0.018836905803137082
TUKDD90GPC79G1KOE162,0.0,0.004394403879906963,0.022442483340757498,0.10925963992231041,0.010340786551974509,0.03632398638620527,0.009701284640676565,0.20640884097972417,0.007836228043990038,0.03748539391999809,7.981514759993468e-05,0.4030855727836721,0.1119944652800822,0.030413938416050338,0.0,0.0031129048422290904,0.004244817715308632,0.0007542258894980004,0.0021212122600161648
VDYMYTQGZZ6DU0912C88,0.018209820209687887,0.0025069884753201885,0.060444488082522604,0.22708043263604147,0.05785113240040494,0.019321946768917547,0.014921106825827575,0.041709063689065545,0.009866189822106233,0.012014430340117371,0.0,0.45560357060872964,0.01811273811120068,0.02124931063776573,0.0,0.0033282097074846403,0.02743787524736318,0.0013939589637973827,0.00894873747364723
VWMYAEQSTOPNV0SUGU82,0.021735899929470715,0.0023007478646153577,0.1658284174631735,0.05366946857689054,0.006230025119695326,0.09843593856591383,0.18183241757535573,0.051061994844928245,0.05042539954421941,0.0212765855767137,0.0,0.14542588030439316,0.1120905681411945,0.042400890115283384,0.0025690669253025495,0.004523516515794825,0.012485490965387237,0.008028557933074859,0.01967913403859325
