LEI_Code,Name,Country,Country_code
529900S9YO2JHTIIDG38,BAWAG Group AG,Austria,AT
9ZHRYM6F437SQJ6OUG95,Raiffeisen Bank International AG,Austria,AT
529900SXEWPJ1MRRX537,Raiffeisen-Holding Niederösterreich-Wien,Austria,AT
529900XSTAE561178282,Raiffeisenbankengruppe OÖ Verbund eGen,Austria,AT
AT0000000000043000VB,VOLKSBANK WIEN AG VB,Austria,AT
A5GWLFH3KM7YV2SFQL84,Belfius Bank,Belgium,BE
549300DYPOFMXOR7XM56,Crelan,Belgium,BE
5493008QOCP58OLEN998,Investeringsmaatschappij Argenta,Belgium,BE
213800X3Q9LSAKRUWY91,KBC Groupe,Belgium,BE
635400L14KNHZXPUZM19,Bank of Cyprus Holdings Public Limited Company,Cyprus,CY
254900RNFMDM0P11YR84,ATLANTIC LUX HOLDCO S.A R.L.,Germany,DE
VDYMYTQGZZ6DU0912C88,Bayerische Landesbank,Germany,DE
851WYGNLUQLFZBSYGB56,COMMERZBANK Aktiengesellschaft,Germany,DE
7LTWFZYICNSX8D621K86,DEUTSCHE BANK AKTIENGESELLSCHAFT,Germany,DE
529900HNOAA1KXQJUQ27,"DZ BANK AG Deutsche Zentral-Genossenschaftsbank, Frankfurt am Main",Germany,DE
0W2PZJM8XOY22M4GG883,DekaBank Deutsche Girozentrale,Germany,DE
DZZ47B9A52ZJ6LT6VV95,Deutsche Pfandbriefbank AG,Germany,DE
391200EEGLNXBBCVKC73,Erwerbsgesellschaft der S-Finanzgruppe mbH & Co. KG,Germany,DE
529900JZTYE3W7WQH904,HASPA Finanzholding,Germany,DE
TUKDD90GPC79G1KOE162,Hamburg Commercial Bank AG,Germany,DE
B81CK4ESI35472RHJ606,Landesbank Baden-Württemberg,Germany,DE
DIZES5CFO5K3I5R58746,Landesbank Hessen-Thüringen Girozentrale,Germany,DE
549300C9KPZR0VZ16R05,Morgan Stanley Europe Holding SE,Germany,DE
DSNHHQ2B9X5N6OUJ1236,Norddeutsche Landesbank - Girozentrale -,Germany,DE
529900V3O1M5IHMOSF46,State Street Europe Holdings Germany S.a.r.l. & Co. KG,Germany,DE
5299007QVIQ7IO64NX37,UBS Europe SE,Germany,DE
529900SSGT49ZZSWYE62,Volkswagen Financial Services AG,Germany,DE
MAES062Z21O4RZ2U7M96,Danske Bank A/S,Denmark,DK
3M5E1GQGKL17HI6CPN30,Jyske Bank A/S,Denmark,DK
LIU16F6VZJSD6UKHD557,Nykredit Realkredit A/S,Denmark,DK
529900JG015JC10LED24,AS LHV Group,Estonia,EE
54930056IRBXK0Q1FP96,"Abanca Corporacion Bancaria, S.A.",Spain,ES
K8MS7FD7N5Z2WQ51AZ71,"Banco Bilbao Vizcaya Argentaria, S.A.",Spain,ES
5493006QMFDDMYWIAM13,"Banco Santander, S.A.",Spain,ES
95980020140005881190,Banco de Crédito Social Cooperativo,Spain,ES
SI5RG2M0WQQLZCXKRM20,"Banco de Sabadell, S.A.",Spain,ES
VWMYAEQSTOPNV0SUGU82,"Bankinter, S.A.",Spain,ES
7CUNS533WID6K7DGFI87,"CaixaBank, S.A.",Spain,ES
549300OLBL49CW8CT155,"Ibercaja Banco, S.A.",Spain,ES
549300U4LIZV0REEQQ46,"Kutxabank, S.A.",Spain,ES
5493007SJLLCTM6J6M37,"Unicaja Banco, S.A.",Spain,ES
529900HEKOENJHPNN480,Kuntarahoitus Oyj,Finland,FI
529900ODI3047E2LIV03,Nordea Bank Abp,Finland,FI
7437003B5WFBOIEFY714,OP Osuuskunta,Finland,FI
R0MUWSFPU8MPRO8K5P83,BNP Paribas,France,FR
969500STN7T9MRUMJ267,Bpifrance,France,FR
9695000CG7B84NLR5984,Confédération Nationale du Crédit Mutuel,France,FR
FR9695005MSX1OYEMGDF,Groupe BPCE,France,FR
FR969500TJ5KRTCJQWXH,Groupe Crédit Agricole,France,FR
F0HUI1NY1AZMJMD8LP67,HSBC Continental Europe,France,FR
96950066U5XAAIRCPA78,La Banque Postale,France,FR
96950001WI712W7PQG45,RCI Banque,France,FR
549300HFEHJOXGE4ZE63,SFIL S.A.,France,FR
O2RNE8IBXP4R0TD8PU41,Société générale S.A.,France,FR
213800DBQIB6VBNU5C64,Alpha Bank S.A.,Greece,GR
JEUVK5RWVJEN8W0C9M24,Eurobank Ergasias Services and Holdings S.A.,Greece,GR
5UMCZOEYKCVFAW8ZLO05,"National Bank of Greece, S.A.",Greece,GR
M6AD1Y1KW32H8THQ6F76,Piraeus Financial Holdings,Greece,GR
3H0Q3U74FVFED2SHZT16,MBH bankcsoport,Hungary,HU
529900W3MOO00A18X956,OTP-csoport,Hungary,HU
635400AKJBGNS5WNQL34,AIB Group plc,Ireland,IE
635400C8EK6DRI12LJ39,Bank of Ireland Group plc,Ireland,IE
N1FBEDJ5J41VKZLO2475,Citibank Europe plc,Ireland,IE
7LVZJ6XRIE7VNZ4UBX81,BANCA MEDIOLANUM S.P.A.,Italy,IT
J48C8PCSJVUBR8KCW529,BANCA POPOLARE DI SONDRIO SOCIETA' PER AZIONI,Italy,IT
815600E4E6DCD2D25E30,BANCO BPM SOCIETA' PER AZIONI,Italy,IT
N747OI7JINV7RUUH6190,BPER Banca S.p.A.,Italy,IT
J4CP7MHCXR8DAQMKIL78,Banca Monte dei Paschi di Siena S.p.A.,Italy,IT
LOO0AWXR8GF142JCO404,CASSA CENTRALE BANCA,Italy,IT
815600AD83B2B6317788,CREDITO EMILIANO HOLDING SOCIETA' PER AZIONI,Italy,IT
549300L7YCATGO57ZE10,FINECOBANK S.P.A.,Italy,IT
NNVPP80YIZGEY2314M97,ICCREA BANCA S.P.A.,Italy,IT
2W8N8UU78PMDQKZENC08,Intesa Sanpaolo S.p.A.,Italy,IT
PSNL19R2RXX5U3QWHI44,Mediobanca - Banca di Credito Finanziario S.p.A.,Italy,IT
549300TRUWO2CD2G5692,"UNICREDIT, SOCIETA' PER AZIONI",Italy,IT
5493009EIBTCB1X12G89,LGT Group Foundation,Liechtenstein,LI
529900OE1FOAM50XLP72,Liechtensteinische Landesbank AG,Liechtenstein,LI
549300TK038P6EV4YU51,Akcinė bendrovė Šiaulių bankas,Lithuania,LT
485100FX5Y9YLAQLNP12,Revolut Holdings Europe UAB,Lithuania,LT
9CZ7TVMR36CYD5TZBS50,Banque Internationale à Luxembourg,Luxembourg,LU
2138009Y59EAR7H1UO97,"Akciju sabiedrība ""Citadele banka""",Latvia,LV
529900RWC8ZYB066JF16,Bank of Valletta Plc,Malta,MT
213800TC9PZRBHMJW403,MDB Group Limited,Malta,MT
BFXS5XCH7N0Y05NIXW11,ABN AMRO Bank N.V.,Netherlands,NL
529900GGYMNGRQTDOO93,BNG Bank N.V.,Netherlands,NL
DG3RU1DBUFHT4ZF9WN62,Coöperatieve Rabobank U.A.2,Netherlands,NL
549300NYKK9MWM7GGW15,ING Groep N.V.,Netherlands,NL
724500JIWG886A9RRT57,RBS Holdings N.V.,Netherlands,NL
724500A1FNICHSDF2I11,de Volksbank N.V.,Netherlands,NL
549300GKFG0RYRRQ1414,DNB BANK ASA,Norway,NO
7V6Z97IO7R1SEAO84Q32,SpareBank 1 SMN,Norway,NO
549300Q3OIWRHQUQM052,SpareBank 1 Sør-Norge,Norway,NO
5493000LKS7B3UTF7H35,Bank Polska Kasa Opieki S.A.,Poland,PL
P4GTT6GF1W40CVIMFR43,Powszechna Kasa Oszczednosci Bank Polski S.A.,Poland,PL
JU1U6S0DG9YLT7N8ZV32,"Banco Comercial Português, SA",Portugal,PT
TO822O0VT80V06K0FH57,"Caixa Geral de Depósitos, S.A.",Portugal,PT
222100K6QL2V4MLHWQ08,LSF NANI INVESTMENTS S.A R.L.,Portugal,PT
549300RG3H390KEL8896,Banca Transilvania,Romania,RO
2138008AVF4W7FMW8W87,CEC BANK SA,Romania,RO
EV2XZWMLLXF2QRX0CD47,Kommuninvest - Grupp,Sweden,SE
549300C6TUMDXNOVXS82,Länsförsäkringar Bank AB - gruppen,Sweden,SE
H0YX5LBGKDVOWCXBZ594,SBAB Bank AB - Grupp,Sweden,SE
F3JS33DEI6XQ4ZBPTN86,Skandinaviska Enskilda Banken - gruppen,Sweden,SE
NHBDILHZTYCNBV5UYZ31,Svenska Handelsbanken - gruppen,Sweden,SE
M312WZV08Y7LYUC71685,Swedbank - Grupp,Sweden,SE
213800HDJ876ACJXXD05,AIKGROUP (CY) LIMITED,Slovenia,SI
5493001BABFV7P27OW30,"Nova Ljubljanska Banka d.d., Ljubljana",Slovenia,SI
